{
	"class_name" : "PinholeCameraParameters",
	"extrinsic" : 
	[
		0.99936665820958259,
		-0.033640619527847658,
		0.011601343749497001,
		0.0,
		-0.033511837591272645,
		-0.99937643533941423,
		-0.01112192562202631,
		0.0,
		0.011968258029787114,
		0.010726099294166297,
		-0.99987084745664234,
		0.0,
		-0.059841290148935591,
		-0.053630496470831492,
		10.26478869229261,
		1.0
	],
	"intrinsic" : 
	{
		"height" : 1080,
		"intrinsic_matrix" : 
		[
			935.30743608719399,
			0.0,
			0.0,
			0.0,
			935.30743608719399,
			0.0,
			959.5,
			539.5,
			1.0
		],
		"width" : 1920
	},
	"version_major" : 1,
	"version_minor" : 0
}